{"cameraMode":{"drawMode":0,"name":"Shaded","section":"Shading Mode"},"sceneLighting":false,"audioPlay":false,"sceneViewState":{"m_AlwaysRefresh":false,"showFog":true,"showSkybox":false,"showFlares":true,"showImageEffects":true,"showParticleSystems":true,"showVisualEffectGraphs":true,"m_FxEnabled":true},"in2DMode":false,"pivot":{"x":681.0046997070313,"y":138.77378845214845,"z":104.96043395996094},"rotation":{"x":0.3006609380245209,"y":-0.008583372458815575,"z":0.0027060213033109905,"w":0.953689694404602},"size":1.9557455778121949,"orthographic":false}