{"cameraMode":{"drawMode":0,"name":"Shaded","section":"Shading Mode"},"sceneLighting":false,"audioPlay":false,"sceneViewState":{"m_AlwaysRefresh":false,"showFog":true,"showSkybox":false,"showFlares":true,"showImageEffects":true,"showParticleSystems":true,"showVisualEffectGraphs":true,"m_FxEnabled":true},"in2DMode":false,"pivot":{"x":696.97509765625,"y":138.3800048828125,"z":119.80827331542969},"rotation":{"x":0.000959447817876935,"y":0.9984581470489502,"z":-0.052467282861471179,"w":0.018270118162035943},"size":5.609663009643555,"orthographic":true}